age,salary,experience_years,education_level,department,city_tier,work_hours_per_week,performance_score,promotion_last_5years,target_left_company
56,136748.0,33,PhD,IT,Tier-3,47,3.8,0,1
46,25287.0,28,High School,Finance,Tier-2,40,2.4,1,1
32,146593.0,3,PhD,HR,Tier-1,45,2.9703157894736845,0,0
60,54387.0,16,High School,IT,Tier-3,47,2.6,0,0
25,28512.0,34,Bachelor,Finance,Tier-2,64,1.9,0,1
38,21342.0,12,PhD,Operations,Tier-1,55,4.3,1,1
56,83076.0,38,PhD,Finance,Tier-3,45,2.3,1,0
36,128872.0,14,Bachelor,HR,Tier-3,35,4.3,0,0
40,39216.0,28,Bachelor,Marketing,Tier-2,41,1.0,0,1
28,137512.0,28,Bachelor,Finance,Tier-1,42,2.2,1,0
28,136682.0,10,PhD,Marketing,Tier-1,33,2.0,1,0
41,113070.0,31,Master,Operations,Tier-3,68,1.9,1,1
53,99767.0,1,Master,Finance,Tier-3,31,1.3,0,1
57,117829.0,13,Master,IT,Tier-3,55,1.7,0,1
41,46614.0,19,PhD,Marketing,Tier-1,56,3.2,0,0
20,56258.0,21,Bachelor,Operations,Tier-2,56,2.2,1,1
39,113789.0,10,PhD,IT,Tier-2,44,2.7,1,0
19,84772.0,26,Bachelor,IT,Tier-1,37,2.5,1,1
41,126288.0,2,PhD,IT,Tier-2,36,4.5,0,1
61,103524.0,16,PhD,IT,Tier-3,69,4.6,0,0
47,116573.0,27,Bachelor,Finance,Tier-2,41,3.0,1,0
55,32219.0,28,Master,Finance,Tier-2,42,2.3,0,1
19,20235.0,20,Bachelor,Finance,Tier-2,46,1.4,1,1
38,62929.0,15,High School,Operations,Tier-3,46,4.8,0,0
50,147309.0,36,High School,Operations,Tier-1,65,1.2,1,1
29,87444.0,19,Bachelor,Operations,Tier-3,50,2.2,0,0
39,28567.0,5,PhD,HR,Tier-1,37,2.2,0,0
61,121834.0,18,High School,Operations,Tier-1,34,2.3,1,1
42,84772.0,4,High School,Finance,Tier-1,55,1.7,1,0
44,85441.0,2,High School,Finance,Tier-2,45,4.1,1,0
59,104555.0,0,PhD,HR,Tier-2,65,1.5,1,0
45,93698.0,37,Master,HR,Tier-1,57,3.5,1,1
33,144450.0,14,PhD,Operations,Tier-1,58,1.5,0,0
32,84772.0,33,Bachelor,Marketing,Tier-2,41,1.3,1,1
64,25415.0,34,Bachelor,HR,Tier-3,66,4.6,1,1
61,56159.0,24,Master,IT,Tier-1,59,1.8,1,1
20,63925.0,23,High School,Finance,Tier-3,52,4.3,0,0
54,146523.0,11,High School,IT,Tier-2,45,3.2,1,0
24,84772.0,17,PhD,Finance,Tier-1,43,1.3,1,1
38,107388.0,14,Bachelor,Finance,Tier-3,39,4.8,1,1
26,28007.0,15,High School,HR,Tier-3,36,2.0,0,0
56,146730.0,26,Master,HR,Tier-3,66,4.4,0,1
35,61832.0,7,Master,IT,Tier-2,58,1.7,1,1
21,78596.0,24,Bachelor,Finance,Tier-2,32,4.4,0,0
42,141101.0,16,High School,IT,Tier-3,44,1.1,1,1
31,50523.0,28,High School,Marketing,Tier-3,65,3.0,0,0
26,108861.0,7,Bachelor,IT,Tier-2,48,4.1,1,0
43,144194.0,14,PhD,Operations,Tier-3,42,4.7,0,1
19,106740.0,26,PhD,IT,Tier-3,50,4.6,1,0
37,35524.0,6,High School,Operations,Tier-2,66,4.3,1,0
45,149028.0,2,PhD,Operations,Tier-3,56,4.6,0,0
64,39282.0,28,PhD,Operations,Tier-3,58,1.8,1,1
24,43930.0,23,Master,Marketing,Tier-3,49,2.1,1,1
61,20077.0,2,PhD,IT,Tier-2,54,2.2,1,1
25,125881.0,19,Master,IT,Tier-3,35,2.5,1,0
64,145501.0,14,High School,Marketing,Tier-2,65,2.6,0,0
52,40611.0,24,Bachelor,Finance,Tier-2,31,3.2,1,1
31,36984.0,29,Bachelor,HR,Tier-1,51,2.9703157894736845,0,1
34,34060.0,13,PhD,IT,Tier-1,61,3.8,0,0
53,102985.0,6,PhD,HR,Tier-3,45,1.7,0,1
57,104056.0,16,PhD,Marketing,Tier-2,47,2.2,0,1
21,145329.0,19,Bachelor,Finance,Tier-1,34,3.0,1,1
19,63303.0,35,High School,Finance,Tier-3,65,4.2,1,1
23,79207.0,8,High School,Finance,Tier-1,59,4.0,0,1
59,95046.0,37,Bachelor,Marketing,Tier-1,48,3.6,1,0
21,49287.0,21,High School,Operations,Tier-2,52,1.6,0,1
46,113709.0,1,Bachelor,Operations,Tier-2,63,3.2,1,1
35,59711.0,23,High School,HR,Tier-1,42,1.3,1,0
43,31954.0,7,Master,Operations,Tier-1,58,2.5,1,0
61,93340.0,10,Master,Operations,Tier-2,65,2.7,0,0
51,84772.0,12,Bachelor,Finance,Tier-3,51,1.2,0,0
27,91520.0,16,High School,Finance,Tier-2,65,2.1,1,1
53,107062.0,7,PhD,HR,Tier-1,38,4.8,0,1
31,122974.0,20,High School,IT,Tier-3,68,4.8,0,1
48,38574.0,17,Master,HR,Tier-1,48,2.9703157894736845,1,1
32,29184.0,29,Master,HR,Tier-3,67,1.2,0,0
25,39096.0,17,High School,Marketing,Tier-1,35,1.7,1,0
31,87728.0,30,High School,Marketing,Tier-3,44,2.6,1,1
40,54016.0,37,PhD,HR,Tier-3,49,4.8,1,1
57,31246.0,31,PhD,HR,Tier-1,38,1.6,0,1
38,65558.0,10,High School,HR,Tier-3,61,4.1,1,1
33,138721.0,24,High School,Operations,Tier-2,33,1.4,1,0
62,38381.0,32,High School,Marketing,Tier-1,47,4.9,0,1
35,147796.0,37,High School,HR,Tier-2,34,2.5,0,0
64,56455.0,7,Bachelor,Finance,Tier-1,49,4.1,0,0
41,112263.0,10,High School,Finance,Tier-3,52,2.4,0,0
43,84772.0,21,PhD,Operations,Tier-3,40,3.5,1,0
42,31302.0,23,Master,Operations,Tier-3,66,1.8,0,1
62,87506.0,16,Bachelor,IT,Tier-1,51,1.6,0,1
58,61157.0,11,High School,IT,Tier-2,33,4.8,0,1
46,74917.0,31,Master,IT,Tier-2,58,4.7,0,1
32,112738.0,14,Bachelor,Operations,Tier-1,63,4.5,1,0
62,116646.0,15,Master,Operations,Tier-1,42,3.5,0,0
18,103122.0,21,High School,Operations,Tier-2,38,4.2,1,0
42,44519.0,27,High School,Finance,Tier-2,60,1.3,0,1
24,116809.0,19,PhD,Operations,Tier-2,36,2.3,1,0
26,107487.0,32,High School,Finance,Tier-2,33,2.3,1,0
41,76819.0,9,High School,IT,Tier-1,48,3.5,0,0
18,100910.0,39,High School,IT,Tier-1,59,2.4,1,0
61,140430.0,31,PhD,IT,Tier-3,60,1.6,0,1
25,91324.0,32,Bachelor,HR,Tier-2,64,3.4,1,0
41,25408.0,1,High School,HR,Tier-3,50,4.3,1,0
28,79379.0,32,High School,Marketing,Tier-1,60,2.5,1,1
34,45053.0,32,Master,Marketing,Tier-1,48,2.9703157894736845,0,1
25,29446.0,12,Bachelor,Marketing,Tier-3,60,1.8,1,1
52,20922.0,29,High School,HR,Tier-2,61,1.9,0,0
52,118723.0,32,High School,HR,Tier-2,31,2.2,1,0
50,84772.0,12,Bachelor,Marketing,Tier-2,39,3.6,1,0
22,30789.0,25,Bachelor,Marketing,Tier-2,31,3.4,1,0
59,117720.0,21,Bachelor,Operations,Tier-3,31,2.9703157894736845,1,1
56,86656.0,38,Bachelor,Marketing,Tier-3,53,2.5,1,0
58,64028.0,1,Bachelor,Operations,Tier-1,46,4.3,1,0
45,84484.0,37,High School,Finance,Tier-2,61,1.8,0,1
24,52154.0,38,Bachelor,HR,Tier-2,45,2.9,0,1
26,102870.0,25,High School,Marketing,Tier-2,45,4.2,0,1
25,22336.0,14,High School,HR,Tier-3,68,1.7,1,0
29,123677.0,33,Bachelor,HR,Tier-2,60,1.4,0,0
51,87779.0,39,Bachelor,HR,Tier-3,53,4.5,1,0
50,39029.0,10,High School,Finance,Tier-2,30,2.4,0,0
40,79201.0,2,High School,IT,Tier-2,40,3.7,0,0
41,52265.0,5,Bachelor,Marketing,Tier-1,50,1.1,1,1
54,122916.0,8,Bachelor,IT,Tier-2,33,3.8,1,1
52,132250.0,5,Bachelor,IT,Tier-2,36,2.3,0,0
61,136553.0,8,PhD,IT,Tier-1,55,1.2,0,0
57,63872.0,38,PhD,HR,Tier-3,41,3.4,0,0
39,66197.0,30,High School,Operations,Tier-3,60,2.9703157894736845,0,0
44,145733.0,31,High School,HR,Tier-2,46,2.5,1,0
52,75180.0,11,Master,HR,Tier-3,62,1.3,0,1
18,84772.0,7,Bachelor,IT,Tier-2,40,1.6,1,1
52,49486.0,7,PhD,HR,Tier-1,57,2.2,1,1
54,91907.0,27,PhD,IT,Tier-1,61,1.4,0,0
64,148876.0,19,Master,Operations,Tier-2,30,4.6,1,0
31,91895.0,6,PhD,Marketing,Tier-1,57,1.0,0,1
20,84435.0,10,Bachelor,IT,Tier-1,36,2.9,1,1
18,60631.0,19,PhD,Operations,Tier-2,31,1.5,1,0
22,149038.0,15,Master,Marketing,Tier-2,53,2.2,0,1
43,121532.0,3,Bachelor,Finance,Tier-1,33,4.7,1,1
31,40103.0,5,Master,IT,Tier-3,48,1.6,1,0
56,84772.0,21,PhD,IT,Tier-3,55,4.9,0,1
44,146108.0,25,Master,Finance,Tier-2,40,1.8,1,1
26,34382.0,2,Master,Finance,Tier-2,69,4.0,1,1
32,104291.0,13,High School,IT,Tier-3,40,3.2,0,0
32,121195.0,10,PhD,Finance,Tier-1,32,4.5,0,1
43,23756.0,17,PhD,HR,Tier-3,41,3.2,1,1
59,40609.0,11,Master,Marketing,Tier-3,32,3.1,1,1
30,134074.0,22,High School,Marketing,Tier-3,56,1.8,1,0
49,36478.0,11,PhD,Marketing,Tier-3,31,1.7,0,0
56,120978.0,12,Bachelor,HR,Tier-2,45,4.7,1,1
49,59666.0,24,Master,Finance,Tier-2,31,2.3,1,0
21,95683.0,18,PhD,Operations,Tier-1,59,2.5,1,1
47,119097.0,35,Bachelor,Finance,Tier-1,49,4.0,1,0
54,144714.0,7,High School,IT,Tier-1,67,2.4,1,0
40,120420.0,28,Bachelor,Marketing,Tier-1,57,2.9703157894736845,1,1
56,91315.0,31,Master,Finance,Tier-3,54,4.0,0,1
62,97834.0,17,PhD,Operations,Tier-2,61,3.4,0,1
32,146205.0,5,PhD,IT,Tier-2,39,4.5,1,0
60,34153.0,17,High School,HR,Tier-1,69,1.2,1,1
46,129415.0,18,Master,HR,Tier-1,62,2.0,0,0
53,96325.0,21,Bachelor,Operations,Tier-3,42,2.9,0,0
30,129701.0,36,PhD,IT,Tier-3,66,1.9,0,1
49,32999.0,31,PhD,Marketing,Tier-1,45,4.0,1,0
24,84772.0,2,Bachelor,Finance,Tier-2,51,4.7,1,1
39,20814.0,27,Master,IT,Tier-2,49,2.7,1,0
45,135033.0,9,High School,HR,Tier-2,56,2.4,1,1
19,96077.0,34,High School,Operations,Tier-1,45,4.8,0,0
59,110474.0,28,PhD,Operations,Tier-2,63,2.8,0,0
62,22443.0,14,Bachelor,Finance,Tier-3,61,3.0,0,1
23,95993.0,32,PhD,Operations,Tier-3,55,2.4,0,0
45,95916.0,6,Bachelor,Operations,Tier-1,54,2.9703157894736845,1,1
45,93319.0,11,High School,IT,Tier-3,31,3.3,1,0
61,84772.0,29,Master,Marketing,Tier-1,41,4.0,0,0
61,129777.0,20,Bachelor,Finance,Tier-2,69,4.2,0,0
37,37368.0,30,High School,IT,Tier-2,38,2.9703157894736845,0,1
47,35328.0,23,PhD,Marketing,Tier-2,41,2.7,0,1
28,76942.0,19,Bachelor,IT,Tier-3,55,4.4,0,1
45,111751.0,36,Master,IT,Tier-1,38,2.5,1,1
42,119131.0,3,High School,Operations,Tier-2,39,4.2,1,1
56,47306.0,27,PhD,Marketing,Tier-1,61,4.8,0,0
50,105451.0,19,High School,Finance,Tier-2,63,3.5,0,0
18,59915.0,23,Bachelor,Finance,Tier-3,49,4.0,0,1
44,57219.0,31,PhD,Marketing,Tier-3,68,4.2,1,0
30,100879.0,35,Master,Operations,Tier-1,31,4.4,1,0
58,131939.0,33,Bachelor,HR,Tier-3,30,2.6,1,0
20,84644.0,35,Master,IT,Tier-3,65,1.2,0,0
56,80279.0,1,PhD,Operations,Tier-1,53,2.6,1,1
23,73028.0,14,Master,Marketing,Tier-2,56,3.7,0,0
25,124263.0,33,High School,IT,Tier-3,31,2.8,1,1
44,20126.0,35,Master,Finance,Tier-1,60,4.0,1,1
26,72329.0,5,Bachelor,HR,Tier-3,43,2.9703157894736845,1,0
54,47632.0,38,Master,Finance,Tier-3,31,3.5,0,1
50,127099.0,11,Master,Marketing,Tier-3,58,1.7,0,0
59,85310.0,2,High School,IT,Tier-3,44,4.0,1,0
61,129945.0,17,Master,Marketing,Tier-1,41,3.2,0,0
41,75176.0,39,Master,IT,Tier-1,66,1.8,0,1
32,139797.0,20,PhD,Operations,Tier-1,57,2.2,0,1
49,106066.0,14,PhD,HR,Tier-3,49,4.0,0,1
49,125500.0,32,Bachelor,Operations,Tier-3,68,2.9,0,0
41,146413.0,34,PhD,Operations,Tier-3,53,1.9,0,0
58,64327.0,25,PhD,Marketing,Tier-1,50,4.9,0,0
29,88904.0,7,PhD,HR,Tier-3,39,3.9,1,1
56,23797.0,35,PhD,IT,Tier-2,43,4.8,0,0
19,67882.0,29,High School,IT,Tier-3,66,2.7,0,0
20,33718.0,22,PhD,Finance,Tier-2,47,2.9,1,1
54,54560.0,13,High School,IT,Tier-3,53,4.6,1,1
34,96589.0,13,High School,Marketing,Tier-1,43,3.1,1,1
19,42116.0,1,PhD,Operations,Tier-3,63,3.8,1,0
19,56244.0,36,Master,Operations,Tier-2,41,2.0,0,0
45,121721.0,4,High School,Operations,Tier-2,51,2.8,1,0
40,21645.0,37,Master,HR,Tier-3,35,1.5,1,1
54,67523.0,13,Master,IT,Tier-2,65,1.8,0,1
49,144085.0,38,PhD,Marketing,Tier-2,65,1.0,0,1
50,137718.0,24,Bachelor,HR,Tier-1,51,1.2,0,1
18,39256.0,19,PhD,Finance,Tier-3,43,4.9,1,0
36,121376.0,1,Bachelor,Marketing,Tier-3,45,2.0,0,0
19,120158.0,38,Bachelor,Marketing,Tier-3,65,3.7,1,0
61,73173.0,5,PhD,Marketing,Tier-2,54,4.4,0,0
43,57430.0,16,PhD,Operations,Tier-3,61,3.2,0,0
49,59282.0,24,Bachelor,Marketing,Tier-3,62,1.6,1,0
23,139719.0,27,PhD,IT,Tier-1,65,3.9,0,0
49,83374.0,1,Bachelor,Marketing,Tier-1,49,3.4,0,0
21,88244.0,34,Master,Operations,Tier-1,47,3.9,0,1
28,31694.0,36,PhD,Marketing,Tier-2,67,4.1,0,1
34,76264.0,4,Master,Finance,Tier-3,32,4.9,0,0
55,95060.0,0,High School,Finance,Tier-1,52,3.3,1,1
41,117416.0,39,Master,Operations,Tier-1,61,2.4,1,0
22,77545.0,11,Master,IT,Tier-1,45,3.6,0,0
51,138195.0,35,Bachelor,IT,Tier-3,34,1.3,1,1
23,59224.0,22,Master,HR,Tier-3,33,4.6,1,0
39,122516.0,30,PhD,Operations,Tier-3,50,1.5,1,0
28,117945.0,10,Bachelor,Marketing,Tier-2,69,2.3,0,0
33,33224.0,9,High School,Operations,Tier-2,43,4.3,0,0
50,60738.0,2,PhD,HR,Tier-1,68,3.4,0,0
26,45150.0,13,High School,Operations,Tier-3,60,2.6,1,0
23,83731.0,15,Master,Operations,Tier-1,43,2.9,1,0
33,69688.0,9,PhD,HR,Tier-3,35,4.4,0,1
46,119929.0,28,PhD,IT,Tier-3,41,2.4,0,1
20,128618.0,9,High School,Marketing,Tier-3,45,4.5,1,0
37,93509.0,11,High School,HR,Tier-2,46,1.4,1,1
53,28577.0,29,PhD,Finance,Tier-2,52,4.1,0,0
36,28070.0,0,PhD,IT,Tier-3,43,4.4,1,0
43,146161.0,4,Master,Finance,Tier-1,36,1.7,1,0
20,28666.0,19,High School,IT,Tier-3,61,2.7,1,0
36,77761.0,7,PhD,Marketing,Tier-3,44,1.7,1,1
37,141178.0,11,Bachelor,Marketing,Tier-1,46,3.8,1,1
49,56368.0,0,Bachelor,Operations,Tier-3,63,3.1,1,1
24,26783.0,19,Bachelor,Finance,Tier-1,34,3.5,1,1
58,131530.0,27,Bachelor,IT,Tier-2,56,1.8,0,0
50,84772.0,36,Master,Marketing,Tier-2,52,1.8,0,1
57,90507.0,36,PhD,HR,Tier-1,69,1.2,1,0
56,147738.0,11,High School,Marketing,Tier-2,43,2.3,1,0
35,99026.0,36,High School,HR,Tier-2,44,3.2,1,1
57,84772.0,27,Master,IT,Tier-1,62,4.4,0,0
18,131255.0,14,Bachelor,Marketing,Tier-2,60,3.7,0,1
28,130616.0,5,Master,Marketing,Tier-3,64,2.7,1,1
45,87526.0,19,PhD,IT,Tier-3,46,4.8,0,1
42,90835.0,13,High School,Marketing,Tier-1,57,3.9,1,1
40,65765.0,1,Master,HR,Tier-2,48,4.7,1,1
48,39956.0,8,High School,Marketing,Tier-3,52,3.1,1,0
47,107895.0,36,Master,Finance,Tier-3,61,2.0,1,1
59,66240.0,19,High School,Operations,Tier-2,69,1.2,1,1
52,141008.0,25,High School,HR,Tier-2,42,3.9,1,0
24,57148.0,28,Bachelor,Finance,Tier-3,49,1.5,1,1
33,114270.0,0,High School,IT,Tier-3,64,2.2,0,1
43,147978.0,34,Bachelor,HR,Tier-1,34,3.1,1,0
19,24757.0,5,PhD,Operations,Tier-1,38,3.3,0,0
18,39097.0,36,PhD,Operations,Tier-3,58,3.4,1,1
29,84772.0,4,Bachelor,IT,Tier-1,35,1.7,1,0
22,36241.0,32,Bachelor,IT,Tier-3,54,2.5,0,1
54,123892.0,13,Master,HR,Tier-3,60,3.5,0,0
49,47696.0,11,Master,Marketing,Tier-1,51,4.9,1,1
26,135654.0,19,Master,IT,Tier-1,31,3.9,0,1
58,90480.0,23,High School,Marketing,Tier-2,34,4.7,1,1
52,66163.0,33,Master,Finance,Tier-2,56,4.0,1,0
36,39816.0,24,High School,Operations,Tier-2,54,2.9703157894736845,0,1
33,69840.0,28,High School,Marketing,Tier-3,37,1.8,0,0
20,122547.0,38,Master,Operations,Tier-1,30,3.7,0,1
37,72853.0,30,High School,Marketing,Tier-3,49,3.5,0,1
41,44917.0,22,PhD,Finance,Tier-1,52,3.4,1,1
50,116731.0,37,High School,IT,Tier-3,61,3.0,0,1
41,41566.0,19,PhD,Finance,Tier-2,40,3.1,0,1
28,95452.0,22,Bachelor,IT,Tier-2,68,2.3,0,0
25,82823.0,15,Bachelor,IT,Tier-2,53,3.1,0,0
53,141392.0,7,Bachelor,Operations,Tier-3,40,1.8,0,0
55,40806.0,20,Bachelor,Finance,Tier-1,58,4.2,1,1
57,95520.0,0,High School,Marketing,Tier-1,55,1.7,1,1
37,21759.0,7,Master,Finance,Tier-2,45,1.3,0,0
52,146092.0,28,High School,Operations,Tier-2,64,2.7,0,1
42,61949.0,31,PhD,IT,Tier-2,49,3.6,1,1
52,112374.0,37,High School,Operations,Tier-2,32,2.8,0,1
42,22482.0,4,High School,HR,Tier-1,30,2.1,1,0
46,44442.0,21,PhD,HR,Tier-3,30,3.2,1,0
35,53719.0,33,Bachelor,Marketing,Tier-3,46,2.4,0,0
63,78066.0,0,Bachelor,Operations,Tier-3,31,4.7,1,0
35,113501.0,25,Bachelor,Marketing,Tier-3,58,4.7,0,0
19,22079.0,9,Master,Marketing,Tier-2,49,3.0,0,1
52,22717.0,29,PhD,HR,Tier-2,35,2.3,1,1
33,79676.0,17,PhD,Marketing,Tier-2,37,3.9,1,1
58,47952.0,16,High School,HR,Tier-3,58,1.1,0,1
53,106444.0,25,Master,IT,Tier-2,62,2.9,1,0
50,62460.0,7,Bachelor,Operations,Tier-2,32,2.3,0,0
21,110397.0,39,Master,Marketing,Tier-1,64,4.7,1,1
50,92847.0,11,PhD,HR,Tier-1,34,1.0,1,0
31,113607.0,26,PhD,Finance,Tier-2,56,3.2,0,1
38,109106.0,7,High School,Marketing,Tier-1,41,4.0,0,1
37,38449.0,24,High School,IT,Tier-1,49,2.9,0,1
25,53536.0,3,PhD,IT,Tier-2,49,1.3,1,1
24,84077.0,32,Bachelor,Finance,Tier-2,38,4.9,0,0
20,58258.0,0,Bachelor,HR,Tier-2,68,3.1,0,1
34,68302.0,18,Master,Marketing,Tier-2,33,3.5,1,0
50,145937.0,30,High School,HR,Tier-3,48,1.9,1,1
29,48865.0,15,PhD,IT,Tier-3,67,2.9,0,1
39,26645.0,13,Bachelor,HR,Tier-2,56,2.7,0,1
39,139771.0,4,Bachelor,IT,Tier-1,42,1.3,0,1
63,58000.0,25,PhD,HR,Tier-2,42,1.4,0,0
47,46737.0,27,High School,Finance,Tier-2,51,2.9703157894736845,1,1
55,31485.0,1,PhD,Operations,Tier-1,57,2.0,1,0
55,58565.0,5,PhD,Finance,Tier-3,51,1.8,0,1
62,45522.0,8,Bachelor,Finance,Tier-2,48,3.0,0,1
25,139614.0,32,High School,Operations,Tier-2,37,4.1,0,1
44,85155.0,24,High School,Operations,Tier-3,37,1.2,1,0
44,75168.0,12,High School,Marketing,Tier-3,55,3.3,0,1
51,84772.0,8,Master,Marketing,Tier-1,55,1.5,0,1
38,149948.0,12,PhD,Finance,Tier-3,52,1.1,1,1
47,32342.0,30,Bachelor,Finance,Tier-3,42,1.2,1,1
50,60806.0,10,High School,IT,Tier-3,57,4.3,0,1
45,68770.0,3,Master,IT,Tier-1,38,1.5,0,0
64,98623.0,33,Master,Marketing,Tier-3,49,1.2,1,0
50,123177.0,37,Bachelor,Marketing,Tier-3,48,2.8,0,1
22,119785.0,3,Bachelor,IT,Tier-1,68,4.4,0,1
36,95629.0,37,Master,IT,Tier-3,41,2.0,1,0
21,140993.0,18,High School,HR,Tier-3,44,2.7,1,1
52,72603.0,5,Master,HR,Tier-1,60,1.2,1,0
34,146944.0,33,PhD,IT,Tier-2,43,2.8,0,1
61,132726.0,17,PhD,HR,Tier-1,40,3.3,1,1
45,101974.0,12,Bachelor,Operations,Tier-3,55,3.3,1,0
47,125947.0,22,High School,Marketing,Tier-3,56,2.3,0,1
46,46399.0,18,High School,Marketing,Tier-3,40,2.3,0,0
63,148177.0,10,PhD,IT,Tier-1,67,1.4,1,0
23,105382.0,0,Master,Finance,Tier-3,63,2.5,1,0
52,101244.0,23,Bachelor,IT,Tier-3,48,1.4,0,1
58,84772.0,6,Master,HR,Tier-1,35,4.1,0,0
54,84772.0,24,Master,Finance,Tier-2,67,4.9,1,0
41,130904.0,20,Master,HR,Tier-2,57,4.9,1,1
46,96534.0,14,High School,Operations,Tier-3,30,4.5,0,1
63,75106.0,0,PhD,HR,Tier-1,64,2.9703157894736845,1,1
48,132599.0,11,High School,Operations,Tier-3,69,3.8,0,1
52,50678.0,6,PhD,Operations,Tier-1,37,2.1,1,1
50,96218.0,14,Bachelor,HR,Tier-1,36,3.5,0,1
38,83230.0,20,Bachelor,HR,Tier-2,40,2.8,0,0
49,134684.0,18,Master,Operations,Tier-2,68,2.9,1,1
40,94055.0,28,High School,Finance,Tier-1,33,4.0,1,0
50,76373.0,24,PhD,Operations,Tier-3,54,2.9703157894736845,0,1
20,51480.0,32,PhD,Marketing,Tier-2,41,2.3,1,0
35,105230.0,31,Master,Operations,Tier-3,55,4.7,1,0
42,88836.0,34,Master,Finance,Tier-2,67,1.2,1,1
59,92258.0,37,Bachelor,Marketing,Tier-2,41,2.9,0,1
48,59986.0,25,High School,IT,Tier-3,66,4.7,1,0
20,44160.0,10,High School,IT,Tier-2,53,3.4,1,1
57,105595.0,34,PhD,Finance,Tier-2,45,3.2,0,1
63,121358.0,7,High School,Operations,Tier-3,42,2.0,1,0
41,99111.0,13,PhD,HR,Tier-2,54,2.4,1,0
49,84929.0,9,Master,Finance,Tier-2,33,4.4,0,0
64,93506.0,1,Master,Marketing,Tier-2,40,3.2,0,1
39,54911.0,8,PhD,Marketing,Tier-3,61,3.1,1,1
40,107127.0,2,Master,IT,Tier-1,36,1.4,1,1
19,51821.0,20,Master,Marketing,Tier-3,40,1.1,0,1
44,95039.0,25,PhD,Finance,Tier-1,57,4.9,0,0
59,80535.0,7,Bachelor,Marketing,Tier-2,52,2.5,1,1
19,133453.0,1,High School,Finance,Tier-1,52,3.4,1,0
43,104458.0,5,Master,HR,Tier-3,57,1.3,1,1
34,84772.0,27,Bachelor,IT,Tier-3,55,3.7,0,1
57,84772.0,28,Master,Marketing,Tier-2,54,4.7,1,0
50,74771.0,25,Master,Finance,Tier-1,58,3.3,0,1
26,126660.0,24,High School,Operations,Tier-2,48,1.5,0,1
60,147157.0,11,Master,IT,Tier-2,62,3.3,0,0
56,141300.0,4,High School,HR,Tier-3,65,4.1,1,1
46,106925.0,33,High School,Finance,Tier-1,43,2.9703157894736845,1,0
59,133374.0,36,High School,HR,Tier-1,43,4.5,1,0
43,86358.0,14,Bachelor,HR,Tier-1,64,3.6,0,0
52,37327.0,35,PhD,Marketing,Tier-1,59,4.6,1,0
42,67057.0,14,Bachelor,Marketing,Tier-2,57,3.5,0,1
41,26150.0,22,PhD,Finance,Tier-2,46,1.5,0,1
30,24425.0,5,PhD,Operations,Tier-3,32,2.2,0,1
24,143654.0,20,High School,Finance,Tier-2,45,1.8,0,0
53,36032.0,22,Master,Operations,Tier-2,59,4.6,0,1
62,22198.0,15,High School,HR,Tier-3,58,4.0,0,1
37,80500.0,14,Master,IT,Tier-3,44,3.7,1,1
18,73394.0,24,PhD,Finance,Tier-3,54,2.2,0,1
25,40079.0,35,High School,Finance,Tier-2,67,1.7,1,0
63,56220.0,10,Master,Operations,Tier-2,67,4.0,0,0
33,61874.0,14,Bachelor,HR,Tier-3,52,2.9,1,1
31,84772.0,3,Master,HR,Tier-3,54,1.9,1,0
29,70460.0,20,High School,Operations,Tier-3,36,3.5,1,1
40,51419.0,12,Bachelor,HR,Tier-2,51,1.2,1,1
32,138865.0,21,Master,Marketing,Tier-2,46,2.3,0,1
45,28705.0,18,Master,IT,Tier-1,47,2.9703157894736845,0,0
51,84772.0,33,Master,Finance,Tier-2,39,2.9703157894736845,0,1
19,84772.0,13,Master,IT,Tier-2,39,4.9,0,0
49,43236.0,3,Master,Finance,Tier-2,36,1.8,1,0
40,107955.0,26,Bachelor,Marketing,Tier-3,67,1.5,1,1
39,105514.0,28,PhD,HR,Tier-2,56,1.8,1,0
42,123145.0,27,Bachelor,Operations,Tier-3,62,2.9703157894736845,0,0
39,35358.0,34,Bachelor,Marketing,Tier-1,30,2.7,1,1
39,119713.0,7,Bachelor,IT,Tier-1,63,3.3,0,0
59,114914.0,15,PhD,Operations,Tier-3,33,1.1,1,0
23,122870.0,35,High School,HR,Tier-3,46,1.1,1,1
32,96918.0,29,PhD,Marketing,Tier-3,33,2.9703157894736845,1,1
60,139179.0,17,Bachelor,Operations,Tier-2,55,4.3,1,0
54,136243.0,1,High School,Marketing,Tier-1,33,4.5,1,1
50,34596.0,12,Master,Marketing,Tier-3,30,2.9703157894736845,0,1
25,53572.0,3,Bachelor,HR,Tier-2,36,3.2,1,0
61,98757.0,25,Master,Finance,Tier-1,59,4.7,0,0
61,21279.0,24,Bachelor,Operations,Tier-2,38,2.6,0,1
22,83197.0,29,Master,HR,Tier-1,64,4.3,0,0
56,131496.0,10,PhD,Marketing,Tier-2,37,1.5,0,1
21,82516.0,6,High School,HR,Tier-1,53,4.7,0,1
23,27083.0,30,High School,Finance,Tier-1,48,4.0,0,0
62,140674.0,9,PhD,Operations,Tier-2,65,4.8,0,0
49,140307.0,38,PhD,Finance,Tier-3,56,3.7,0,1
47,146457.0,12,Bachelor,IT,Tier-1,61,2.5,1,1
64,129397.0,30,Bachelor,Operations,Tier-3,43,4.8,1,1
52,37771.0,6,Bachelor,Finance,Tier-2,47,2.1,0,1
57,49975.0,35,Master,Marketing,Tier-3,57,2.3,0,0
33,65648.0,19,Bachelor,Operations,Tier-3,58,3.8,0,1
30,84772.0,3,PhD,Operations,Tier-3,45,4.1,1,0
59,68285.0,6,High School,HR,Tier-3,64,4.7,1,0
47,84772.0,0,Master,Marketing,Tier-3,60,1.8,0,1
36,87642.0,12,Bachelor,IT,Tier-1,33,4.2,0,0
34,84772.0,21,Master,Finance,Tier-1,66,2.9703157894736845,1,0
36,134390.0,20,High School,HR,Tier-1,46,1.3,1,1
45,106143.0,21,Bachelor,Finance,Tier-2,68,2.9703157894736845,0,0
43,57599.0,27,Master,IT,Tier-3,55,2.1,0,0
54,71920.0,8,High School,IT,Tier-1,68,2.2,0,1
43,48529.0,25,PhD,Operations,Tier-2,33,4.9,0,1
40,55954.0,8,PhD,IT,Tier-1,59,3.6,1,1
26,47856.0,14,High School,Finance,Tier-1,59,3.9,1,1
29,22573.0,9,Master,Marketing,Tier-3,51,4.9,0,1
18,98344.0,23,Bachelor,Marketing,Tier-2,40,2.5,0,1
18,55367.0,7,Master,Operations,Tier-3,31,4.2,0,1
64,122337.0,23,High School,Finance,Tier-3,41,2.7,1,0
51,126732.0,15,Master,Finance,Tier-1,59,4.5,0,0
49,119608.0,25,PhD,IT,Tier-3,65,1.7,0,1
42,80774.0,26,Master,Finance,Tier-2,47,4.8,0,0
57,43752.0,36,High School,HR,Tier-3,55,1.9,1,0
62,75029.0,3,PhD,IT,Tier-3,36,2.3,0,1
18,37685.0,23,Master,HR,Tier-3,30,4.0,1,0
33,71693.0,18,Master,Operations,Tier-1,55,2.6,0,1
56,136739.0,35,PhD,Marketing,Tier-2,52,3.4,0,0
22,75961.0,38,Bachelor,Operations,Tier-1,55,2.8,0,1
39,126937.0,9,PhD,Marketing,Tier-1,35,2.9703157894736845,1,0
46,144956.0,24,Bachelor,Operations,Tier-1,35,1.9,0,0
20,96908.0,17,High School,Finance,Tier-1,37,1.2,0,0
29,145537.0,18,High School,HR,Tier-1,53,2.2,1,1
43,84772.0,35,PhD,Marketing,Tier-2,51,2.9,1,0
33,94532.0,9,PhD,IT,Tier-3,48,1.7,1,0
54,101994.0,32,High School,HR,Tier-1,66,2.4,0,1
39,76133.0,4,Bachelor,IT,Tier-1,47,2.6,1,1
46,117425.0,34,High School,HR,Tier-2,60,1.2,0,0
31,145055.0,33,PhD,HR,Tier-2,66,3.3,1,0
45,81268.0,32,High School,Operations,Tier-3,59,4.5,1,0
22,112201.0,20,PhD,Marketing,Tier-2,62,2.9703157894736845,1,0
64,58243.0,16,PhD,Marketing,Tier-3,39,3.4,0,1
47,77384.0,21,High School,HR,Tier-1,66,3.7,0,0
63,51653.0,36,Bachelor,Finance,Tier-1,41,2.7,0,0
22,46657.0,14,Master,Finance,Tier-3,59,3.8,0,1
29,59952.0,34,High School,IT,Tier-2,56,2.6,0,0
33,42180.0,27,Master,IT,Tier-3,68,2.9703157894736845,0,0
43,117432.0,6,High School,Operations,Tier-2,38,1.0,0,0
43,141829.0,31,Master,HR,Tier-1,50,3.8,0,1
38,148377.0,10,Bachelor,IT,Tier-2,41,3.6,0,1
56,98411.0,9,Bachelor,IT,Tier-3,58,1.2,1,0
53,21622.0,8,High School,HR,Tier-3,62,2.5,1,0
50,68756.0,13,PhD,Operations,Tier-1,44,4.9,0,1
47,84772.0,12,Master,IT,Tier-2,31,2.7,0,0
54,84772.0,24,PhD,Operations,Tier-2,68,3.0,0,0
40,81396.0,1,PhD,Marketing,Tier-2,47,2.9703157894736845,0,1
27,71226.0,34,PhD,Operations,Tier-1,32,3.9,1,1
22,84772.0,6,Bachelor,Finance,Tier-2,36,3.3,1,1
53,101182.0,20,High School,Finance,Tier-3,47,4.2,0,0
51,102565.0,17,High School,Operations,Tier-2,67,4.5,1,0
48,49402.0,2,Bachelor,Finance,Tier-1,66,2.8,1,0
27,24263.0,38,Bachelor,Marketing,Tier-2,62,2.9,0,0
36,143489.0,10,High School,HR,Tier-2,60,2.5,0,1
49,116523.0,38,PhD,Finance,Tier-3,40,4.9,0,0
18,66828.0,23,Master,Finance,Tier-2,33,3.8,0,0
22,140824.0,18,Master,Operations,Tier-3,47,1.3,1,1
62,67924.0,3,Master,Marketing,Tier-3,33,4.5,0,1
21,94182.0,25,PhD,HR,Tier-1,63,2.9,1,0
33,113065.0,37,High School,Operations,Tier-3,58,1.3,0,1
41,79052.0,31,Bachelor,Operations,Tier-3,53,3.2,1,1
33,31664.0,38,High School,Marketing,Tier-1,51,2.7,0,0
19,55737.0,35,PhD,HR,Tier-3,31,4.5,0,0
45,121332.0,39,Bachelor,Marketing,Tier-1,35,1.8,1,0
49,109563.0,36,PhD,HR,Tier-2,54,4.3,1,0
44,49373.0,32,Master,Marketing,Tier-1,50,3.2,1,1
37,137369.0,35,Master,Operations,Tier-3,45,1.2,0,1
41,56397.0,2,PhD,Operations,Tier-1,60,4.9,1,0
29,148575.0,8,Bachelor,IT,Tier-3,43,3.1,1,0
52,106145.0,7,Bachelor,Finance,Tier-2,68,2.2,1,1
50,121371.0,32,High School,Marketing,Tier-1,57,2.9,1,0
50,58709.0,5,Master,IT,Tier-2,61,4.4,1,0
60,136074.0,38,High School,Finance,Tier-3,57,2.9703157894736845,1,0
54,81120.0,3,High School,Marketing,Tier-3,38,1.8,1,0
29,39250.0,12,PhD,HR,Tier-2,51,1.5,1,1
20,41172.0,1,PhD,Finance,Tier-1,61,2.2,1,0
18,31555.0,4,High School,Operations,Tier-1,34,4.1,0,1
50,107410.0,26,Master,IT,Tier-3,52,2.9,0,0
57,98617.0,31,High School,Finance,Tier-2,34,1.9,1,0
27,73276.0,20,High School,Finance,Tier-2,61,1.7,0,1
60,77492.0,7,High School,Operations,Tier-1,39,2.3,0,0
61,73002.0,37,High School,Marketing,Tier-1,68,4.8,1,1
46,140103.0,7,High School,HR,Tier-1,44,2.4,1,0
30,144938.0,2,High School,Operations,Tier-2,36,5.0,1,0
29,109599.0,2,High School,HR,Tier-1,58,2.9,1,0
48,92355.0,21,PhD,Marketing,Tier-1,32,1.7,1,0
63,111248.0,5,Master,Finance,Tier-3,48,4.6,1,0
19,44762.0,1,High School,HR,Tier-1,39,2.9703157894736845,0,1
52,31046.0,22,Bachelor,IT,Tier-1,57,3.8,1,1
40,116999.0,1,PhD,IT,Tier-2,58,4.9,0,0
34,144130.0,37,PhD,Operations,Tier-2,44,1.2,1,0
43,136021.0,16,High School,Marketing,Tier-3,64,1.4,1,1
25,48769.0,34,PhD,Operations,Tier-1,35,3.9,0,1
46,73302.0,33,High School,Operations,Tier-3,41,2.1,1,0
43,43150.0,22,High School,Operations,Tier-2,67,1.7,1,0
27,88247.0,29,Master,IT,Tier-3,42,1.2,0,1
43,24853.0,7,PhD,IT,Tier-2,58,1.1,1,0
51,114613.0,21,PhD,Operations,Tier-3,48,4.1,0,1
58,140900.0,35,Bachelor,IT,Tier-3,32,1.5,1,0
24,109399.0,4,PhD,Marketing,Tier-1,37,2.9,1,1
21,41792.0,12,Bachelor,Operations,Tier-3,37,3.4,0,1
62,79129.0,28,Master,IT,Tier-1,49,2.7,1,0
28,126019.0,30,Master,HR,Tier-1,33,1.1,0,1
46,94478.0,15,High School,Operations,Tier-1,50,4.1,0,0
53,133811.0,29,Master,Operations,Tier-1,32,1.0,0,0
42,134130.0,15,Bachelor,Marketing,Tier-3,37,4.0,1,0
38,87298.0,11,PhD,Finance,Tier-2,52,4.6,1,0
53,51987.0,16,High School,Finance,Tier-2,45,2.7,0,1
27,35850.0,15,Bachelor,Marketing,Tier-2,42,3.1,1,0
54,32112.0,11,PhD,Marketing,Tier-3,32,2.9,1,0
26,141789.0,7,High School,Marketing,Tier-1,38,2.6,1,0
41,44058.0,19,Master,Finance,Tier-2,43,4.5,0,0
52,65420.0,2,Bachelor,Marketing,Tier-3,42,4.6,1,1
52,58890.0,15,PhD,IT,Tier-1,36,2.3,0,0
53,86017.0,29,High School,Operations,Tier-2,44,3.5,1,1
35,67304.0,22,High School,Operations,Tier-1,36,4.7,1,1
56,52921.0,27,High School,HR,Tier-2,67,4.8,0,1
49,125921.0,39,PhD,HR,Tier-2,63,3.0,1,0
41,21524.0,4,Master,Operations,Tier-2,51,2.8,0,0
40,120424.0,19,Master,IT,Tier-1,53,2.1,1,0
49,35048.0,39,PhD,Finance,Tier-3,66,4.8,0,0
54,55111.0,0,PhD,Finance,Tier-1,30,1.6,1,1
29,57904.0,29,PhD,IT,Tier-2,39,2.9703157894736845,1,1
30,74912.0,20,Bachelor,Finance,Tier-1,45,2.1,1,0
40,54008.0,19,PhD,Marketing,Tier-3,37,2.1,0,0
42,20060.0,5,High School,Operations,Tier-1,54,2.6,0,0
52,94666.0,21,High School,Operations,Tier-3,41,5.0,0,0
58,103559.0,17,High School,IT,Tier-3,54,1.2,1,0
47,75337.0,7,PhD,Finance,Tier-1,46,2.9703157894736845,0,0
34,130616.0,38,Bachelor,HR,Tier-2,55,1.3,0,0
37,33350.0,31,PhD,HR,Tier-3,43,1.6,0,1
42,44354.0,32,Bachelor,Finance,Tier-1,65,2.9703157894736845,0,1
39,65186.0,15,Master,HR,Tier-3,52,3.0,0,1
30,48145.0,11,Master,IT,Tier-2,35,2.0,0,1
36,54020.0,37,High School,IT,Tier-1,34,2.3,0,0
53,84772.0,33,High School,Finance,Tier-1,54,1.3,0,0
29,126667.0,13,PhD,HR,Tier-1,47,2.2,0,0
58,95186.0,35,Master,IT,Tier-2,42,4.9,0,0
36,105469.0,32,Bachelor,IT,Tier-3,43,4.8,1,0
29,40581.0,22,Bachelor,Marketing,Tier-1,57,2.3,1,1
26,108929.0,1,Bachelor,Marketing,Tier-3,47,3.3,0,0
24,43051.0,20,High School,IT,Tier-3,57,4.6,1,1
45,71474.0,1,Bachelor,Finance,Tier-2,56,1.0,1,0
31,111748.0,26,High School,Operations,Tier-1,61,4.2,0,1
48,145995.0,8,High School,Operations,Tier-3,38,4.8,0,0
36,134618.0,0,PhD,IT,Tier-1,69,1.4,0,1
64,89626.0,10,Bachelor,IT,Tier-1,61,1.6,1,0
33,26960.0,2,High School,IT,Tier-2,49,4.8,0,0
22,55772.0,22,High School,Finance,Tier-1,57,3.2,1,0
52,41520.0,25,PhD,Marketing,Tier-1,62,1.1,0,0
29,69481.0,3,Master,IT,Tier-3,33,2.0,1,1
42,56408.0,17,PhD,IT,Tier-2,63,2.8,1,0
38,114006.0,5,Bachelor,HR,Tier-1,32,3.8,0,1
53,148496.0,34,High School,Finance,Tier-3,55,3.9,0,0
40,77134.0,21,High School,IT,Tier-2,37,5.0,1,1
33,40491.0,14,High School,HR,Tier-2,35,2.2,1,0
56,21341.0,21,High School,Operations,Tier-3,45,3.2,0,0
62,64623.0,36,High School,IT,Tier-3,53,3.1,0,1
59,110327.0,11,Master,IT,Tier-3,68,2.6,1,0
56,20338.0,37,PhD,HR,Tier-3,59,1.7,0,0
31,91431.0,17,Bachelor,Finance,Tier-3,42,2.9703157894736845,1,1
48,32254.0,34,High School,IT,Tier-1,34,2.9703157894736845,0,0
22,71860.0,29,PhD,Operations,Tier-1,54,3.0,0,1
52,31344.0,23,High School,IT,Tier-2,49,3.4,0,0
40,21750.0,29,PhD,Operations,Tier-1,47,1.9,1,1
46,74756.0,13,High School,Marketing,Tier-1,47,3.2,0,1
60,87957.0,5,High School,Marketing,Tier-1,31,3.8,1,1
28,125423.0,2,High School,Operations,Tier-3,39,3.1,0,1
35,78053.0,15,High School,Finance,Tier-2,41,5.0,1,0
64,90855.0,6,Bachelor,IT,Tier-2,42,2.9703157894736845,1,0
29,35896.0,13,High School,IT,Tier-2,40,2.5,0,1
26,75761.0,8,Bachelor,Marketing,Tier-2,48,4.1,1,0
27,82552.0,14,High School,Operations,Tier-1,64,1.7,1,0
61,140075.0,20,High School,IT,Tier-1,68,2.5,1,0
34,97454.0,34,PhD,IT,Tier-3,55,2.4,1,1
55,146522.0,1,High School,Finance,Tier-2,43,2.7,0,0
24,138681.0,26,PhD,HR,Tier-1,53,4.1,0,0
63,110600.0,1,High School,Marketing,Tier-1,30,2.9,0,1
30,142732.0,34,High School,Marketing,Tier-3,51,4.2,1,0
57,132153.0,17,Bachelor,HR,Tier-3,52,3.3,1,1
59,142926.0,13,Master,IT,Tier-3,48,2.4,0,1
26,47935.0,19,High School,Finance,Tier-1,47,4.2,0,1
44,57641.0,17,High School,Finance,Tier-1,41,2.0,1,0
19,49711.0,9,High School,Marketing,Tier-3,57,1.9,0,0
22,90342.0,24,PhD,Finance,Tier-2,57,3.0,0,1
46,126896.0,1,Bachelor,HR,Tier-3,62,2.0,1,1
54,32182.0,24,Bachelor,IT,Tier-3,48,1.0,0,1
55,107833.0,32,Master,HR,Tier-3,57,3.6,1,1
36,76276.0,35,Bachelor,Operations,Tier-3,66,3.0,0,1
25,39541.0,30,Bachelor,Marketing,Tier-1,55,2.8,1,1
62,114457.0,13,High School,Finance,Tier-2,64,4.9,1,0
18,102310.0,0,High School,Operations,Tier-3,63,3.3,1,1
39,64813.0,15,PhD,Finance,Tier-2,64,4.5,1,1
34,57198.0,2,High School,IT,Tier-2,69,1.6,1,1
24,28820.0,34,High School,IT,Tier-2,45,3.3,0,0
42,44070.0,5,High School,IT,Tier-3,67,2.9703157894736845,0,0
62,89768.0,24,High School,Finance,Tier-1,42,3.3,0,0
21,31122.0,12,High School,Operations,Tier-3,52,3.9,1,0
53,100559.0,33,High School,IT,Tier-2,51,2.5,0,1
23,93543.0,7,Master,Operations,Tier-2,45,1.4,1,0
48,103441.0,20,Master,Finance,Tier-1,57,2.8,1,1
36,61786.0,33,Master,Operations,Tier-3,64,2.6,0,1
61,84772.0,3,Master,Finance,Tier-2,37,4.5,1,1
56,119804.0,24,High School,Finance,Tier-1,51,2.0,0,1
44,26737.0,14,Master,Marketing,Tier-2,50,4.9,1,1
27,56062.0,3,High School,Finance,Tier-1,55,4.8,1,1
43,74237.0,11,PhD,Finance,Tier-1,69,2.0,0,0
36,71571.0,31,Master,HR,Tier-3,50,2.4,1,0
56,45510.0,31,Bachelor,IT,Tier-2,54,4.6,0,0
20,39426.0,27,Master,Marketing,Tier-3,30,2.9703157894736845,1,0
62,57265.0,12,Master,Marketing,Tier-2,35,2.8,0,0
30,37850.0,30,High School,Marketing,Tier-3,52,2.3,1,1
45,138249.0,13,Master,HR,Tier-2,52,3.1,0,0
37,86150.0,19,Bachelor,Finance,Tier-3,52,3.8,0,0
45,107312.0,17,High School,IT,Tier-1,61,2.9703157894736845,1,0
25,109613.0,28,High School,Operations,Tier-2,59,3.9,0,1
58,94910.0,5,PhD,Finance,Tier-2,42,1.2,1,1
56,72375.0,31,PhD,HR,Tier-1,47,1.2,1,1
18,141826.0,28,Master,Finance,Tier-3,52,2.5,0,0
20,55435.0,1,PhD,Finance,Tier-2,44,2.4,0,0
30,116443.0,22,PhD,HR,Tier-2,62,2.3,0,0
45,77132.0,18,PhD,Marketing,Tier-3,50,3.0,0,0
42,98945.0,30,High School,Marketing,Tier-1,68,2.3,0,0
50,102050.0,4,High School,IT,Tier-3,52,1.8,1,1
55,149828.0,18,High School,IT,Tier-3,56,2.2,0,0
23,84772.0,33,PhD,Marketing,Tier-3,47,4.9,1,1
61,22983.0,9,High School,Operations,Tier-2,53,2.6,0,0
62,117241.0,24,PhD,Finance,Tier-1,69,2.8,0,1
49,40662.0,1,High School,Operations,Tier-1,36,3.3,0,1
62,43510.0,10,High School,Finance,Tier-3,49,4.9,1,1
64,98187.0,30,Bachelor,Marketing,Tier-2,56,2.0,0,1
38,84772.0,14,Master,IT,Tier-3,35,3.7,1,0
33,76846.0,8,PhD,IT,Tier-2,56,3.9,1,0
38,114071.0,22,Bachelor,Operations,Tier-2,38,3.4,1,0
28,26640.0,18,High School,IT,Tier-2,60,1.4,0,1
54,64547.0,8,PhD,Marketing,Tier-2,50,2.9703157894736845,1,0
53,74620.0,34,High School,Operations,Tier-1,55,1.3,0,0
52,35317.0,20,Master,Finance,Tier-2,69,3.4,1,0
36,135608.0,8,Bachelor,IT,Tier-2,42,4.0,0,0
37,27564.0,27,Master,HR,Tier-3,52,1.8,1,1
35,47345.0,6,Bachelor,IT,Tier-3,49,4.4,0,1
64,133824.0,15,High School,Finance,Tier-1,66,1.1,0,0
58,114223.0,15,Master,Operations,Tier-3,57,4.4,0,0
31,143372.0,32,Master,Finance,Tier-2,46,2.8,1,0
32,99273.0,3,High School,HR,Tier-3,57,1.9,1,1
48,94859.0,3,Master,Marketing,Tier-1,31,1.5,0,1
18,100765.0,38,PhD,IT,Tier-3,54,4.8,1,1
20,130017.0,39,Bachelor,Operations,Tier-3,35,1.3,1,0
33,94038.0,16,Bachelor,Marketing,Tier-1,40,1.8,1,1
40,143618.0,36,Bachelor,Finance,Tier-1,67,2.4,1,1
28,72393.0,38,PhD,Operations,Tier-2,35,3.5,1,1
29,86081.0,28,Bachelor,Marketing,Tier-3,40,3.2,1,1
27,145341.0,35,High School,Operations,Tier-2,43,1.5,1,1
49,122650.0,37,Master,HR,Tier-3,31,2.2,0,0
33,49430.0,38,PhD,HR,Tier-3,69,2.0,0,0
25,95532.0,36,Bachelor,IT,Tier-2,32,2.9703157894736845,1,0
55,47788.0,34,High School,IT,Tier-3,64,2.6,0,0
29,115505.0,6,Master,HR,Tier-3,62,3.8,0,1
41,68543.0,26,Master,Operations,Tier-3,53,1.9,0,0
45,33919.0,27,PhD,HR,Tier-1,48,2.5,1,0
25,89346.0,21,PhD,IT,Tier-2,47,2.6,1,0
45,116122.0,13,PhD,HR,Tier-1,53,4.9,1,1
53,59974.0,6,High School,HR,Tier-2,64,4.8,1,0
43,127309.0,36,High School,Operations,Tier-2,30,4.2,1,1
25,36371.0,21,PhD,Marketing,Tier-3,65,2.0,0,1
45,84772.0,4,Bachelor,IT,Tier-2,54,1.3,1,1
45,49629.0,1,Master,Operations,Tier-1,63,2.3,0,0
54,71184.0,26,Master,HR,Tier-1,54,2.1,1,1
58,81916.0,20,High School,HR,Tier-1,45,3.0,0,0
53,147293.0,37,Master,Marketing,Tier-2,63,4.1,1,0
44,93972.0,14,Bachelor,IT,Tier-1,58,4.4,1,0
34,82187.0,20,Master,IT,Tier-2,48,4.4,1,1
26,32984.0,9,High School,Finance,Tier-1,52,2.4,1,1
50,53039.0,22,High School,IT,Tier-1,48,3.7,1,0
37,105431.0,38,Bachelor,Marketing,Tier-2,54,2.3,1,1
30,103691.0,4,Bachelor,Finance,Tier-1,45,1.2,0,1
45,78606.0,0,Master,Finance,Tier-3,38,3.8,1,1
46,30616.0,12,Master,HR,Tier-2,30,1.0,0,0
30,122665.0,20,High School,HR,Tier-2,48,2.6,1,1
63,125373.0,25,Bachelor,IT,Tier-2,62,2.3,0,1
52,70072.0,20,Bachelor,Finance,Tier-3,63,3.8,0,0
23,44574.0,17,Bachelor,HR,Tier-2,45,4.1,0,1
35,23430.0,36,Master,Marketing,Tier-1,69,2.2,0,0
22,139123.0,31,Bachelor,HR,Tier-1,47,4.2,0,1
64,32676.0,35,High School,HR,Tier-1,63,2.2,0,1
42,30816.0,16,High School,Finance,Tier-2,54,2.8,1,1
19,52733.0,34,Master,Finance,Tier-1,35,3.9,0,1
27,105680.0,10,PhD,Operations,Tier-2,50,3.8,1,1
47,22050.0,20,Master,Marketing,Tier-1,35,4.9,1,1
62,129996.0,25,PhD,Finance,Tier-3,61,1.9,0,0
22,53933.0,3,Bachelor,IT,Tier-3,68,3.6,0,1
50,44951.0,33,Master,Marketing,Tier-3,60,3.4,1,1
18,52413.0,17,High School,Marketing,Tier-3,39,4.7,0,1
35,54801.0,39,Bachelor,Finance,Tier-2,59,1.6,0,0
49,75619.0,34,High School,Marketing,Tier-1,47,4.0,0,0
64,52913.0,28,Bachelor,Finance,Tier-3,53,3.3,0,0
28,132573.0,28,Master,HR,Tier-2,38,2.1,0,1
38,139076.0,37,PhD,Operations,Tier-3,60,2.9,0,1
43,60600.0,20,Bachelor,HR,Tier-3,44,2.3,0,0
42,77775.0,12,High School,Finance,Tier-2,33,3.3,1,0
39,84772.0,16,Bachelor,Finance,Tier-2,69,4.6,0,0
44,149972.0,8,High School,HR,Tier-1,38,3.3,1,1
30,110093.0,0,High School,IT,Tier-1,38,3.5,1,0
50,132590.0,1,Bachelor,IT,Tier-3,55,3.1,1,1
51,55400.0,28,PhD,IT,Tier-3,33,1.2,1,1
58,24494.0,32,Master,Finance,Tier-1,46,1.9,0,1
52,100688.0,9,Master,Marketing,Tier-1,45,3.0,1,0
18,142744.0,39,High School,Finance,Tier-2,44,2.2,1,1
38,109431.0,20,Master,Marketing,Tier-1,64,1.7,1,0
23,94691.0,27,High School,HR,Tier-1,34,3.0,1,0
45,117419.0,10,Master,Operations,Tier-3,34,2.3,1,0
34,128730.0,33,Bachelor,Marketing,Tier-1,49,2.0,0,0
22,63001.0,7,High School,IT,Tier-3,44,2.9,0,1
48,87364.0,21,High School,Finance,Tier-1,47,1.5,1,1
22,144988.0,7,High School,HR,Tier-2,31,4.7,0,1
55,65028.0,14,High School,IT,Tier-1,58,4.5,0,1
20,127434.0,16,Master,HR,Tier-1,42,3.8,1,0
40,117659.0,22,Master,Operations,Tier-1,33,1.4,1,0
54,57573.0,23,High School,Finance,Tier-3,39,4.1,1,0
54,20806.0,18,Master,Finance,Tier-2,60,4.2,0,0
27,144343.0,4,PhD,Operations,Tier-1,37,4.1,1,1
27,76638.0,31,High School,Finance,Tier-3,32,1.5,0,0
36,148301.0,0,Bachelor,Marketing,Tier-2,38,3.6,0,1
34,146295.0,22,PhD,HR,Tier-3,59,4.3,0,0
38,126506.0,36,High School,IT,Tier-3,40,3.3,1,0
31,49757.0,7,Bachelor,Operations,Tier-2,64,3.6,0,0
26,54636.0,12,Master,Marketing,Tier-1,66,2.8,1,0
63,100097.0,7,Bachelor,IT,Tier-3,42,3.1,1,1
18,68280.0,22,PhD,IT,Tier-3,65,1.1,1,1
62,44262.0,0,Master,Operations,Tier-1,42,3.6,1,1
30,100435.0,23,High School,Marketing,Tier-1,41,1.3,1,1
21,82211.0,34,Master,IT,Tier-2,66,2.7,0,0
18,74842.0,23,High School,IT,Tier-2,39,2.2,0,0
57,148583.0,16,High School,Marketing,Tier-2,38,3.2,0,1
49,76979.0,4,Bachelor,Finance,Tier-1,36,1.5,0,1
51,134524.0,19,Bachelor,IT,Tier-3,31,3.8,0,0
45,101470.0,20,Bachelor,HR,Tier-3,52,4.2,1,0
48,58197.0,39,PhD,Marketing,Tier-2,68,1.7,1,1
25,61844.0,30,PhD,IT,Tier-1,69,1.4,0,1
56,84754.0,35,Bachelor,Operations,Tier-3,68,1.6,0,1
43,121868.0,10,PhD,HR,Tier-2,50,4.5,0,0
51,54157.0,14,High School,IT,Tier-3,52,3.1,1,1
20,97129.0,18,Master,HR,Tier-3,58,2.9,1,1
29,60042.0,6,PhD,HR,Tier-1,43,1.4,1,1
18,81665.0,27,PhD,Finance,Tier-1,55,3.6,0,1
61,135512.0,4,Master,HR,Tier-3,34,4.5,0,1
22,136953.0,4,High School,Finance,Tier-2,60,4.3,0,0
47,102856.0,29,Master,Marketing,Tier-1,54,3.5,0,1
47,47376.0,31,Master,Finance,Tier-3,60,1.3,1,0
34,129049.0,7,PhD,Operations,Tier-1,49,1.4,0,1
64,75554.0,9,Master,IT,Tier-1,46,1.2,0,1
40,84772.0,37,PhD,Marketing,Tier-1,31,2.0,0,1
32,138533.0,31,PhD,Marketing,Tier-3,54,1.5,1,0
54,101412.0,27,Bachelor,Operations,Tier-2,42,2.0,1,0
38,70948.0,16,Master,Finance,Tier-2,68,2.5,0,0
31,93781.0,30,High School,IT,Tier-2,57,4.8,1,1
19,92750.0,7,Bachelor,Finance,Tier-1,35,3.4,1,1
28,86262.0,39,PhD,HR,Tier-3,32,4.3,1,0
56,137424.0,24,PhD,Finance,Tier-1,64,3.8,1,0
55,66600.0,8,High School,Marketing,Tier-2,47,1.5,1,1
51,96898.0,1,PhD,IT,Tier-2,40,3.9,0,0
55,82483.0,14,Master,Finance,Tier-3,49,2.1,0,1
51,38297.0,2,Bachelor,IT,Tier-1,34,3.6,0,0
35,50448.0,35,PhD,IT,Tier-2,48,2.4,1,0
47,46172.0,3,PhD,HR,Tier-3,51,5.0,1,0
32,62874.0,13,High School,HR,Tier-1,48,2.1,1,1
44,27657.0,24,Master,Marketing,Tier-1,45,2.1,1,1
51,104386.0,9,PhD,Operations,Tier-2,53,4.7,0,0
55,145617.0,20,High School,IT,Tier-2,33,1.1,0,1
50,45425.0,35,PhD,Operations,Tier-1,44,3.8,0,1
41,46685.0,11,High School,Marketing,Tier-1,54,3.9,0,1
32,142000.0,26,High School,IT,Tier-2,64,4.3,0,1
47,132855.0,39,Master,IT,Tier-1,43,4.9,0,0
59,44578.0,1,PhD,Operations,Tier-2,48,4.9,1,1
34,48831.0,12,Master,Finance,Tier-1,67,1.3,1,1
22,27906.0,31,High School,HR,Tier-2,65,4.3,0,0
46,81413.0,30,Bachelor,Finance,Tier-3,36,3.6,1,1
21,74028.0,15,PhD,Operations,Tier-2,59,3.6,0,1
27,27287.0,31,Bachelor,HR,Tier-2,48,1.5,0,1
34,53660.0,31,PhD,Finance,Tier-3,54,3.6,1,0
27,95758.0,33,Master,HR,Tier-1,45,2.9703157894736845,0,0
34,80504.0,10,Master,IT,Tier-3,69,4.6,0,1
37,79720.0,9,Master,Finance,Tier-2,37,2.8,0,1
41,122979.0,14,Master,HR,Tier-1,47,1.2,1,0
22,54701.0,16,Master,HR,Tier-3,57,2.4,1,0
51,84772.0,39,Bachelor,HR,Tier-1,45,4.3,1,0
23,130177.0,17,Master,Finance,Tier-1,48,3.8,1,1
19,37674.0,8,High School,Marketing,Tier-3,46,2.8,0,1
30,103560.0,24,High School,Finance,Tier-1,42,1.2,1,0
60,131543.0,39,Bachelor,Operations,Tier-3,36,2.7,1,1
60,43874.0,13,PhD,Finance,Tier-2,56,2.9,1,1
28,63642.0,24,High School,HR,Tier-1,39,4.7,0,1
64,143867.0,21,PhD,IT,Tier-2,63,3.6,1,1
40,117820.0,29,Bachelor,Finance,Tier-2,65,2.2,1,1
33,85160.0,19,PhD,Finance,Tier-1,54,3.1,0,1
48,37602.0,20,PhD,HR,Tier-3,35,1.3,0,1
28,123320.0,31,PhD,IT,Tier-1,53,4.9,0,0
33,84772.0,20,PhD,IT,Tier-2,47,2.4,0,0
25,45931.0,34,Bachelor,Operations,Tier-2,52,2.9,1,0
21,114377.0,31,High School,Finance,Tier-3,35,2.4,0,0
57,49192.0,29,Master,IT,Tier-1,58,3.7,1,0
21,66542.0,38,High School,IT,Tier-2,54,3.6,1,0
42,147015.0,11,High School,Marketing,Tier-2,46,3.9,1,0
20,84772.0,17,High School,Marketing,Tier-2,53,2.1,1,0
49,84772.0,20,Bachelor,IT,Tier-3,40,2.3,1,0
20,78762.0,12,High School,Operations,Tier-2,55,1.5,0,1
44,70106.0,20,Bachelor,IT,Tier-2,63,2.9703157894736845,1,1
46,101121.0,7,PhD,HR,Tier-1,57,1.2,1,0
49,45559.0,39,PhD,Finance,Tier-1,32,3.4,1,1
36,125595.0,6,Master,Operations,Tier-2,40,4.5,0,1
38,53742.0,22,Master,HR,Tier-2,67,4.6,1,0
22,89669.0,31,Master,Operations,Tier-1,43,2.8,1,0
35,100199.0,10,High School,HR,Tier-3,55,2.8,0,0
45,41754.0,21,High School,Finance,Tier-3,50,2.9703157894736845,1,1
59,23972.0,21,High School,Finance,Tier-3,68,3.7,1,1
39,90831.0,24,Master,Marketing,Tier-3,59,4.3,0,0
38,132217.0,21,Bachelor,HR,Tier-3,37,2.0,1,1
23,61873.0,27,Bachelor,Marketing,Tier-3,49,2.7,1,1
18,114661.0,28,Master,HR,Tier-3,61,4.4,1,1
22,126532.0,12,PhD,Marketing,Tier-3,51,2.9703157894736845,1,0
58,146267.0,17,Master,Finance,Tier-1,36,2.0,1,1
29,29903.0,1,Bachelor,Operations,Tier-3,38,3.2,0,1
43,23020.0,28,Master,Marketing,Tier-3,30,1.8,0,1
63,84772.0,20,Bachelor,HR,Tier-3,58,1.4,0,1
51,105956.0,14,Bachelor,HR,Tier-2,37,4.6,1,1
31,106988.0,26,Master,Finance,Tier-1,33,4.3,1,1
43,84772.0,30,High School,HR,Tier-1,64,4.0,1,1
62,123537.0,14,Master,IT,Tier-1,32,1.2,0,0
44,145991.0,22,High School,Operations,Tier-3,69,4.4,1,0
26,29516.0,23,Bachelor,Marketing,Tier-3,36,2.8,1,1
43,84772.0,12,Bachelor,Operations,Tier-2,56,2.4,1,0
64,135005.0,21,High School,Finance,Tier-1,30,3.2,0,1
39,22396.0,36,Bachelor,Marketing,Tier-3,56,1.4,0,1
64,104082.0,32,High School,Marketing,Tier-1,45,4.0,1,1
47,39129.0,2,High School,IT,Tier-2,67,3.3,1,0
60,148322.0,18,Bachelor,Finance,Tier-2,36,1.7,1,1
34,21591.0,22,PhD,HR,Tier-2,52,1.8,0,1
43,31303.0,28,High School,IT,Tier-1,40,1.7,0,0
53,50561.0,29,Master,IT,Tier-3,62,2.9703157894736845,0,0
18,91719.0,38,Master,Operations,Tier-3,65,3.4,1,1
25,138618.0,24,Bachelor,Operations,Tier-2,66,4.4,0,0
52,112108.0,36,PhD,Operations,Tier-3,46,1.1,1,0
32,148748.0,7,Bachelor,IT,Tier-2,64,1.2,1,1
64,119616.0,15,PhD,HR,Tier-1,34,3.3,0,1
39,144165.0,7,High School,Marketing,Tier-2,61,4.3,1,1
31,106231.0,0,High School,Operations,Tier-1,32,2.3,0,0
43,27314.0,4,High School,HR,Tier-2,64,2.4,1,0
45,137071.0,2,High School,Finance,Tier-3,43,3.4,1,0
40,39623.0,0,Master,Operations,Tier-3,60,2.1,0,1
31,87675.0,3,Master,Marketing,Tier-2,60,1.1,1,0
41,132992.0,39,Bachelor,Finance,Tier-3,46,3.9,1,0
19,116826.0,34,PhD,Finance,Tier-3,53,3.5,1,1
62,85082.0,31,High School,Marketing,Tier-3,52,3.3,1,1
43,149839.0,33,High School,Operations,Tier-1,47,4.0,1,1
31,103624.0,24,PhD,IT,Tier-3,43,3.7,1,0
24,125228.0,9,PhD,Marketing,Tier-1,44,1.8,1,1
20,53130.0,20,Bachelor,Marketing,Tier-2,44,2.4,1,0
64,71756.0,38,PhD,Marketing,Tier-3,35,1.5,0,0
40,117624.0,26,High School,Finance,Tier-3,56,1.5,0,1
63,46292.0,26,High School,HR,Tier-3,44,2.9703157894736845,1,1
60,131785.0,1,High School,IT,Tier-2,65,2.9703157894736845,1,1
64,147331.0,12,High School,Operations,Tier-1,37,4.9,0,1
62,84772.0,8,High School,Operations,Tier-1,44,3.5,1,1
35,89274.0,35,Bachelor,HR,Tier-3,32,1.7,0,0
55,22469.0,21,High School,Marketing,Tier-2,42,1.4,0,0
52,73947.0,25,Bachelor,IT,Tier-2,63,4.3,0,0
32,42534.0,11,High School,Operations,Tier-2,53,3.3,1,1
42,83620.0,16,Master,Operations,Tier-2,69,3.5,1,0
54,68874.0,13,Master,Marketing,Tier-2,61,4.1,1,1
45,69708.0,13,High School,HR,Tier-1,61,3.8,0,1
27,94553.0,33,High School,IT,Tier-1,59,4.3,0,0
56,88344.0,19,Bachelor,HR,Tier-1,42,1.2,0,0
34,69138.0,10,Bachelor,HR,Tier-3,30,4.0,1,1
56,74302.0,15,PhD,IT,Tier-2,63,4.4,0,0
39,67638.0,30,High School,IT,Tier-3,44,2.1,0,1
43,98249.0,5,Master,Operations,Tier-2,43,3.6,1,0
61,125865.0,18,Bachelor,Operations,Tier-1,58,2.3,0,0
42,22719.0,36,High School,IT,Tier-3,63,4.8,0,0
34,42890.0,3,High School,Finance,Tier-1,47,1.1,1,0
30,97236.0,3,Bachelor,Operations,Tier-2,36,3.3,1,0
37,56509.0,19,Master,Finance,Tier-2,58,1.7,0,1
42,62534.0,9,PhD,IT,Tier-2,60,3.8,1,0
21,122302.0,23,High School,Operations,Tier-1,54,1.7,0,0
27,112241.0,34,PhD,HR,Tier-2,67,1.9,1,0
20,38787.0,25,Master,IT,Tier-1,43,2.9703157894736845,0,1
58,146209.0,36,Master,Marketing,Tier-3,37,4.7,1,1
62,68845.0,37,PhD,Finance,Tier-2,56,1.8,0,1
35,77932.0,20,Master,IT,Tier-2,31,1.6,1,1
64,84772.0,39,High School,IT,Tier-2,46,4.0,1,1
53,111659.0,38,PhD,Operations,Tier-3,66,3.0,1,0
64,84772.0,20,Master,Operations,Tier-2,43,4.6,1,0
39,84772.0,9,PhD,Operations,Tier-1,54,1.6,1,0
51,107263.0,37,High School,Marketing,Tier-1,59,3.6,1,1
64,115756.0,3,Master,Operations,Tier-2,58,1.9,1,1
25,80461.0,19,High School,IT,Tier-2,49,1.6,0,0
57,95418.0,16,Master,Operations,Tier-3,50,3.7,0,1
61,86672.0,6,Bachelor,HR,Tier-3,51,3.4,1,1
36,148232.0,3,Master,Operations,Tier-3,64,4.0,1,1
59,54832.0,28,PhD,Marketing,Tier-2,66,2.2,0,0
58,147335.0,13,Master,HR,Tier-3,45,2.8,0,0
54,51966.0,2,High School,IT,Tier-3,46,2.6,1,1
23,92545.0,23,High School,IT,Tier-1,45,4.9,0,1
43,32987.0,36,Master,Finance,Tier-3,31,2.2,0,1
51,84772.0,15,PhD,HR,Tier-1,33,2.2,1,1
62,51575.0,3,Bachelor,Finance,Tier-1,50,2.4,1,0
23,83852.0,23,PhD,HR,Tier-3,68,3.3,1,1
54,147650.0,33,Bachelor,HR,Tier-1,63,2.0,0,0
50,21007.0,29,High School,Marketing,Tier-2,59,4.7,1,0
39,90981.0,17,PhD,Finance,Tier-2,35,2.1,1,0
38,84772.0,18,Bachelor,Marketing,Tier-3,46,4.6,0,1
23,67517.0,30,Master,HR,Tier-2,68,1.4,1,0
23,130022.0,18,High School,IT,Tier-1,54,3.6,0,0
21,49257.0,18,High School,HR,Tier-2,34,4.6,0,1
47,107272.0,21,High School,Marketing,Tier-3,34,1.7,0,1
28,62207.0,23,PhD,Finance,Tier-3,49,4.9,0,1
47,33281.0,11,PhD,Finance,Tier-1,45,2.8,0,0
48,81246.0,29,High School,Marketing,Tier-3,66,4.8,0,1
41,21435.0,37,High School,Finance,Tier-2,69,3.7,1,0
26,118875.0,30,High School,Operations,Tier-3,38,2.2,1,0
20,120686.0,35,PhD,IT,Tier-1,34,1.8,1,1
48,111357.0,18,Bachelor,IT,Tier-3,31,2.2,0,0
57,84772.0,35,Master,IT,Tier-2,38,1.4,1,0
54,25084.0,29,Master,Finance,Tier-1,65,1.6,0,0
53,102197.0,32,PhD,Finance,Tier-2,51,1.4,1,0
41,33507.0,17,Master,HR,Tier-1,51,2.9703157894736845,0,1
48,92595.0,27,High School,HR,Tier-3,51,4.2,1,0
23,103807.0,10,Bachelor,IT,Tier-1,63,1.6,0,1
19,65539.0,32,Master,Operations,Tier-1,58,1.5,1,0
37,135953.0,16,Bachelor,HR,Tier-3,67,3.6,0,0
45,27491.0,5,High School,HR,Tier-2,62,1.8,1,1
28,147706.0,3,Master,Finance,Tier-3,47,1.4,0,0
21,132831.0,19,PhD,Operations,Tier-1,36,1.7,1,0
32,70192.0,26,Bachelor,IT,Tier-3,30,4.7,1,0
23,100395.0,14,High School,HR,Tier-1,62,4.3,1,0
47,143797.0,5,Bachelor,Operations,Tier-3,30,2.4,0,0
55,83888.0,13,Master,Operations,Tier-3,53,3.6,0,0
19,93609.0,10,Master,IT,Tier-2,33,3.1,0,1
32,29077.0,38,PhD,Operations,Tier-1,33,3.7,0,1
28,137440.0,8,High School,Operations,Tier-2,47,3.7,0,1
25,142901.0,25,High School,Operations,Tier-1,56,3.5,1,0
43,40953.0,15,PhD,HR,Tier-3,61,2.1,0,0
62,96919.0,4,PhD,IT,Tier-1,62,1.2,1,0
61,134682.0,9,High School,Operations,Tier-2,57,2.8,1,1
22,141041.0,2,Bachelor,Operations,Tier-2,65,4.6,0,0
23,87889.0,12,Bachelor,HR,Tier-2,35,2.9703157894736845,1,1
43,43821.0,29,PhD,IT,Tier-1,45,4.3,0,0
21,57567.0,5,Bachelor,Finance,Tier-2,63,5.0,0,0
36,135374.0,16,High School,HR,Tier-2,52,1.7,0,0
37,44860.0,18,Master,IT,Tier-2,53,3.8,1,1
50,41195.0,34,Master,Operations,Tier-3,42,3.7,0,0
37,97475.0,25,Bachelor,IT,Tier-3,47,4.9,0,1
29,110874.0,4,PhD,IT,Tier-1,42,4.9,0,0
64,84772.0,28,PhD,IT,Tier-1,66,3.7,1,0
18,41427.0,36,PhD,Finance,Tier-2,68,2.0,0,1
43,120732.0,19,PhD,IT,Tier-3,46,4.2,1,0
31,47083.0,20,PhD,Finance,Tier-2,44,1.4,1,0
55,107046.0,9,Bachelor,Operations,Tier-2,47,4.1,0,0
54,77372.0,4,Master,Finance,Tier-3,52,4.6,1,0
28,143786.0,35,Master,Operations,Tier-3,59,2.5,1,1
53,64064.0,5,Bachelor,Operations,Tier-3,63,3.5,0,1
30,27813.0,25,PhD,Finance,Tier-1,33,2.9703157894736845,0,0
60,51598.0,3,Bachelor,HR,Tier-1,32,2.8,0,0
20,132718.0,38,Master,Marketing,Tier-2,36,2.2,1,1
50,146879.0,38,High School,IT,Tier-1,47,4.0,0,0
23,113106.0,34,Bachelor,Marketing,Tier-3,36,4.7,1,1
27,47082.0,0,PhD,IT,Tier-3,69,4.8,1,0
22,49241.0,23,Master,IT,Tier-1,35,1.7,1,1
40,84772.0,35,Master,Operations,Tier-2,51,4.5,1,1
27,64569.0,5,Master,IT,Tier-2,30,3.9,1,1
61,31745.0,30,Master,IT,Tier-1,33,2.0,0,1
19,46029.0,19,PhD,Finance,Tier-2,58,1.3,0,0
